<?xml version="1.0" encoding="UTF-8"?>
<!DOCTYPE suite SYSTEM "https://testng.org/testng-1.0.dtd">
<suite name="Leaftaps Leads UI cases">
<parameter name="URL" value="http://leaftaps.com/opentaps/"/>
  <test name="Create Lead Test - Chrome" verbose="5">
  <parameter name="browserName" value="Chrome"/>
    <classes>
      <class name="com.leaftaps.ui.tests.LoginAndLogout"/>
      <!-- <class name="com.leaftaps.ui.tests.CreateLead_Positive"/> -->
    </classes>
  </test> <!-- Create Lead Test -->
</suite> <!-- Leaftaps Leads UI cases -->
